Unnamed: 0,uuid,label
0,1,0
1,2,0
2,3,0
3,4,1
4,5,0
5,6,0
6,7,0
7,8,1
8,9,0
9,10,0
10,11,0
11,12,0
12,13,0
13,14,0
14,15,1
15,16,1
16,17,0
17,18,0
18,19,0
19,20,0
20,21,1
21,22,0
22,23,0
23,24,0
24,25,1
25,26,0
26,27,0
27,28,0
28,29,0
29,30,0
30,31,1
31,32,0
32,33,0
33,34,1
34,35,1
35,36,1
36,37,0
37,38,1
38,39,0
39,40,0
40,41,0
41,42,0
42,43,1
43,44,0
44,45,0
45,46,0
46,47,0
47,48,1
48,49,0
49,50,0
50,51,0
51,52,0
52,53,0
53,54,0
54,55,0
55,56,0
56,57,0
57,58,0
58,59,0
59,60,0
60,61,1
61,62,0
62,63,1
63,64,0
64,65,0
65,66,1
66,67,1
67,68,0
68,69,0
69,70,1
70,71,0
71,72,0
72,73,0
73,74,0
74,75,0
75,76,0
76,77,0
77,78,0
78,79,0
79,80,0
80,81,1
81,82,0
82,83,0
83,84,0
84,85,0
85,86,0
86,87,1
87,88,0
88,89,1
89,90,0
90,91,0
91,92,0
92,93,0
93,94,0
94,95,1
95,96,0
96,97,1
97,98,0
98,99,0
99,100,0
100,101,1
101,102,1
102,103,1
103,104,0
104,105,0
105,106,0
106,107,0
107,108,0
108,109,1
109,110,0
110,111,0
111,112,0
112,113,0
113,114,0
114,115,1
115,116,0
116,117,0
117,118,1
118,119,0
119,120,0
120,121,0
121,122,1
122,123,0
123,124,0
124,125,0
125,126,0
126,127,0
127,128,0
128,129,0
129,130,1
130,131,0
131,132,0
132,133,0
133,134,1
134,135,0
135,136,0
136,137,0
137,138,0
138,139,0
139,140,0
140,141,0
141,142,0
142,143,0
143,144,0
144,145,0
145,146,0
146,147,0
147,148,1
148,149,1
149,150,1
150,151,0
151,152,0
152,153,0
153,154,1
154,155,1
155,156,0
156,157,0
157,158,0
158,159,0
159,160,0
160,161,0
161,162,0
162,163,1
163,164,0
164,165,1
165,166,1
166,167,0
167,168,0
168,169,0
169,170,1
170,171,1
171,172,0
172,173,1
173,174,0
174,175,0
175,176,0
176,177,0
177,178,0
178,179,1
179,180,0
180,181,1
181,182,0
182,183,1
183,184,0
184,185,0
185,186,0
186,187,0
187,188,0
188,189,0
189,190,0
190,191,0
191,192,1
192,193,0
193,194,0
194,195,0
195,196,0
196,197,0
197,198,0
198,199,0
199,200,0
200,201,0
201,202,0
202,203,0
203,204,0
204,205,0
205,206,0
206,207,0
207,208,0
208,209,0
209,210,0
210,211,0
211,212,0
212,213,0
213,214,0
214,215,0
215,216,0
216,217,0
217,218,0
218,219,1
219,220,1
220,221,0
221,222,0
222,223,0
223,224,0
224,225,0
225,226,1
226,227,0
227,228,0
228,229,0
229,230,0
230,231,0
231,232,1
232,233,0
233,234,0
234,235,1
235,236,0
236,237,1
237,238,1
238,239,0
239,240,0
240,241,0
241,242,0
242,243,0
243,244,0
244,245,0
245,246,0
246,247,0
247,248,0
248,249,1
249,250,0
250,251,0
251,252,0
252,253,1
253,254,1
254,255,0
255,256,0
256,257,0
257,258,0
258,259,0
259,260,0
260,261,1
261,262,1
262,263,1
263,264,1
264,265,0
265,266,0
266,267,0
267,268,0
268,269,0
269,270,0
270,271,0
271,272,0
272,273,0
273,274,0
274,275,0
275,276,0
276,277,1
277,278,0
278,279,0
279,280,1
280,281,0
281,282,0
282,283,0
283,284,0
284,285,1
285,286,0
286,287,0
287,288,0
288,289,0
289,290,1
290,291,0
291,292,0
292,293,0
293,294,0
294,295,0
295,296,1
296,297,0
297,298,0
298,299,0
299,300,0
300,301,0
301,302,1
302,303,0
303,304,0
304,305,1
305,306,0
306,307,1
307,308,0
308,309,0
309,310,0
310,311,0
311,312,0
312,313,0
313,314,0
314,315,0
315,316,1
316,317,1
317,318,1
318,319,0
319,320,0
320,321,0
321,322,0
322,323,0
323,324,0
324,325,0
325,326,0
326,327,1
327,328,0
328,329,0
329,330,1
330,331,1
331,332,1
332,333,0
333,334,0
334,335,0
335,336,0
336,337,0
337,338,1
338,339,0
339,340,0
340,341,0
341,342,0
342,343,0
343,344,0
344,345,0
345,346,0
346,347,0
347,348,0
348,349,0
349,350,0
350,351,0
351,352,1
352,353,0
353,354,0
354,355,0
355,356,0
356,357,0
357,358,0
358,359,0
359,360,1
360,361,0
361,362,0
362,363,1
363,364,0
364,365,0
365,366,0
366,367,0
367,368,0
368,369,0
369,370,0
370,371,0
371,372,0
372,373,0
373,374,1
374,375,0
375,376,0
376,377,1
377,378,0
378,379,0
379,380,0
380,381,0
381,382,0
382,383,0
383,384,0
384,385,0
385,386,0
386,387,0
387,388,0
388,389,0
389,390,0
390,391,1
391,392,0
392,393,0
393,394,0
394,395,0
395,396,0
396,397,1
397,398,1
398,399,0
399,400,0
400,401,0
401,402,0
402,403,0
403,404,0
404,405,0
405,406,1
406,407,0
407,408,0
408,409,0
409,410,1
410,411,1
411,412,0
412,413,0
413,414,0
414,415,0
415,416,1
416,417,0
417,418,0
418,419,0
419,420,1
420,421,0
421,422,0
422,423,0
423,424,1
424,425,0
425,426,0
426,427,0
427,428,0
428,429,1
429,430,1
430,431,0
431,432,0
432,433,0
433,434,0
434,435,0
435,436,0
436,437,0
437,438,0
438,439,1
439,440,0
440,441,1
441,442,0
442,443,0
443,444,0
444,445,0
445,446,0
446,447,1
447,448,1
448,449,0
449,450,0
450,451,1
451,452,0
452,453,1
453,454,0
454,455,0
455,456,0
456,457,0
457,458,0
458,459,0
459,460,0
460,461,0
461,462,1
462,463,1
463,464,0
464,465,0
465,466,0
466,467,0
467,468,0
468,469,0
469,470,0
470,471,0
471,472,0
472,473,0
473,474,0
474,475,1
475,476,1
476,477,0
477,478,0
478,479,0
479,480,0
480,481,0
481,482,0
482,483,0
483,484,1
484,485,0
485,486,1
486,487,0
487,488,0
488,489,1
489,490,0
490,491,0
491,492,0
492,493,0
493,494,1
494,495,0
495,496,1
496,497,0
497,498,0
498,499,0
499,500,0
500,501,1
501,502,0
502,503,0
503,504,1
504,505,0
505,506,0
506,507,1
507,508,0
508,509,0
509,510,0
510,511,0
511,512,1
512,513,0
513,514,0
514,515,0
515,516,0
516,517,0
517,518,0
518,519,0
519,520,1
520,521,0
521,522,0
522,523,0
523,524,0
524,525,0
525,526,0
526,527,0
527,528,0
528,529,0
529,530,1
530,531,0
531,532,1
532,533,1
533,534,1
534,535,1
535,536,0
536,537,0
537,538,0
538,539,1
539,540,1
540,541,1
541,542,0
542,543,1
543,544,0
544,545,1
545,546,0
546,547,1
547,548,0
548,549,0
549,550,0
550,551,0
551,552,0
552,553,0
553,554,1
554,555,0
555,556,1
556,557,1
557,558,0
558,559,1
559,560,1
560,561,0
561,562,0
562,563,0
563,564,0
564,565,1
565,566,0
566,567,0
567,568,0
568,569,0
569,570,0
570,571,0
571,572,1
572,573,0
573,574,0
574,575,0
575,576,1
576,577,0
577,578,0
578,579,0
579,580,0
580,581,0
581,582,1
582,583,1
583,584,0
584,585,0
585,586,0
586,587,0
587,588,0
588,589,0
589,590,0
590,591,0
591,592,0
592,593,0
593,594,0
594,595,0
595,596,1
596,597,0
597,598,0
598,599,0
599,600,0
600,601,1
601,602,1
602,603,0
603,604,0
604,605,0
605,606,0
606,607,0
607,608,1
608,609,0
609,610,0
610,611,1
611,612,0
612,613,0
613,614,0
614,615,1
615,616,0
616,617,0
617,618,0
618,619,0
619,620,0
620,621,0
621,622,0
622,623,1
623,624,0
624,625,0
625,626,0
626,627,0
627,628,0
628,629,0
629,630,0
630,631,0
631,632,1
632,633,0
633,634,0
634,635,0
635,636,0
636,637,0
637,638,0
638,639,0
639,640,0
640,641,0
641,642,1
642,643,0
643,644,1
644,645,0
645,646,0
646,647,1
647,648,0
648,649,0
649,650,0
650,651,1
651,652,0
652,653,0
653,654,1
654,655,0
655,656,0
656,657,0
657,658,1
658,659,0
659,660,0
660,661,1
661,662,0
662,663,0
663,664,0
664,665,0
665,666,0
666,667,1
667,668,0
668,669,0
669,670,0
670,671,1
671,672,0
672,673,0
673,674,0
674,675,0
675,676,0
676,677,0
677,678,0
678,679,0
679,680,0
680,681,1
681,682,0
682,683,0
683,684,0
684,685,0
685,686,0
686,687,0
687,688,0
688,689,0
689,690,0
690,691,0
691,692,0
692,693,0
693,694,0
694,695,0
695,696,0
696,697,0
697,698,0
698,699,0
699,700,0
700,701,0
701,702,0
702,703,1
703,704,1
704,705,0
705,706,0
706,707,0
707,708,0
708,709,1
709,710,1
710,711,0
711,712,0
712,713,0
713,714,0
714,715,1
715,716,0
716,717,0
717,718,0
718,719,0
719,720,0
720,721,0
721,722,0
722,723,0
723,724,0
724,725,0
725,726,0
726,727,0
727,728,0
728,729,0
729,730,0
730,731,0
731,732,1
732,733,1
733,734,1
734,735,0
735,736,0
736,737,0
737,738,0
738,739,0
739,740,0
740,741,0
741,742,1
742,743,0
743,744,0
744,745,0
745,746,0
746,747,0
747,748,0
748,749,1
749,750,0
750,751,0
751,752,0
752,753,0
753,754,0
754,755,0
755,756,1
756,757,0
757,758,0
758,759,0
759,760,0
760,761,0
761,762,1
762,763,1
763,764,0
764,765,0
765,766,1
766,767,0
767,768,0
768,769,0
769,770,0
770,771,0
771,772,0
772,773,0
773,774,0
774,775,0
775,776,0
776,777,0
777,778,1
778,779,1
779,780,0
780,781,0
781,782,0
782,783,1
783,784,0
784,785,0
785,786,0
786,787,0
787,788,0
788,789,0
789,790,1
790,791,0
791,792,0
792,793,0
793,794,0
794,795,0
795,796,0
796,797,0
797,798,0
798,799,0
799,800,0
800,801,0
801,802,0
802,803,0
803,804,0
804,805,0
805,806,0
806,807,1
807,808,0
808,809,0
809,810,0
810,811,0
811,812,0
812,813,0
813,814,0
814,815,0
815,816,0
816,817,0
817,818,0
818,819,0
819,820,1
820,821,0
821,822,0
822,823,0
823,824,0
824,825,0
825,826,0
826,827,0
827,828,0
828,829,0
829,830,1
830,831,0
831,832,0
832,833,0
833,834,0
834,835,0
835,836,1
836,837,0
837,838,0
838,839,0
839,840,0
840,841,0
841,842,0
842,843,0
843,844,0
844,845,0
845,846,0
846,847,0
847,848,1
848,849,0
849,850,0
850,851,0
851,852,0
852,853,0
853,854,0
854,855,1
855,856,0
856,857,0
857,858,0
858,859,0
859,860,0
860,861,0
861,862,0
862,863,0
863,864,0
864,865,0
865,866,0
866,867,0
867,868,1
868,869,0
869,870,1
870,871,0
871,872,0
872,873,0
873,874,0
874,875,0
875,876,0
876,877,0
877,878,0
878,879,0
879,880,0
880,881,0
881,882,0
882,883,1
883,884,0
884,885,0
885,886,0
886,887,0
887,888,0
888,889,0
889,890,0
890,891,0
891,892,0
892,893,0
893,894,0
894,895,0
895,896,0
896,897,1
897,898,0
898,899,0
899,900,1
900,901,0
901,902,0
902,903,0
903,904,1
904,905,0
905,906,0
906,907,0
907,908,0
908,909,0
909,910,0
910,911,0
911,912,0
912,913,0
913,914,0
914,915,0
915,916,0
916,917,0
917,918,0
918,919,0
919,920,1
920,921,0
921,922,1
922,923,0
923,924,0
924,925,0
925,926,1
926,927,0
927,928,0
928,929,0
929,930,0
930,931,0
931,932,0
932,933,0
933,934,0
934,935,0
935,936,0
936,937,0
937,938,1
938,939,0
939,940,1
940,941,0
941,942,0
942,943,0
943,944,0
944,945,0
945,946,0
946,947,0
947,948,0
948,949,0
949,950,0
950,951,1
951,952,0
952,953,0
953,954,1
954,955,0
955,956,1
956,957,0
957,958,0
958,959,0
959,960,0
960,961,0
961,962,0
962,963,0
963,964,0
964,965,0
965,966,0
966,967,0
967,968,0
968,969,0
969,970,0
970,971,1
971,972,1
972,973,0
973,974,0
974,975,1
975,976,0
976,977,0
977,978,0
978,979,0
979,980,0
980,981,1
981,982,0
982,983,1
983,984,0
984,985,1
985,986,1
986,987,0
987,988,0
988,989,0
989,990,1
990,991,0
991,992,0
992,993,0
993,994,0
994,995,1
995,996,0
996,997,1
997,998,0
998,999,0
999,1000,1
1000,1001,0
1001,1002,1
1002,1003,0
1003,1004,0
1004,1005,0
1005,1006,0
1006,1007,0
1007,1008,0
1008,1009,0
1009,1010,0
1010,1011,0
1011,1012,0
1012,1013,0
1013,1014,0
1014,1015,0
1015,1016,0
1016,1017,1
1017,1018,1
1018,1019,0
1019,1020,0
1020,1021,0
1021,1022,0
1022,1023,0
1023,1024,0
1024,1025,0
1025,1026,0
1026,1027,0
1027,1028,1
1028,1029,0
1029,1030,1
1030,1031,0
1031,1032,0
1032,1033,1
1033,1034,0
1034,1035,1
1035,1036,0
1036,1037,0
1037,1038,0
1038,1039,0
1039,1040,0
1040,1041,0
1041,1042,0
1042,1043,0
1043,1044,0
1044,1045,0
1045,1046,0
1046,1047,0
1047,1048,0
1048,1049,0
1049,1050,0
1050,1051,0
1051,1052,0
1052,1053,0
1053,1054,0
1054,1055,0
1055,1056,1
1056,1057,0
1057,1058,0
1058,1059,0
1059,1060,1
1060,1061,0
1061,1062,0
1062,1063,0
1063,1064,0
1064,1065,0
1065,1066,0
1066,1067,0
1067,1068,1
1068,1069,0
1069,1070,1
1070,1071,0
1071,1072,0
1072,1073,0
1073,1074,1
1074,1075,0
1075,1076,0
1076,1077,0
1077,1078,1
1078,1079,0
1079,1080,1
1080,1081,0
1081,1082,0
1082,1083,0
1083,1084,0
1084,1085,0
1085,1086,0
1086,1087,0
1087,1088,0
1088,1089,0
1089,1090,0
1090,1091,1
1091,1092,0
1092,1093,1
1093,1094,0
1094,1095,0
1095,1096,0
1096,1097,0
1097,1098,0
1098,1099,1
1099,1100,0
1100,1101,0
1101,1102,0
1102,1103,0
1103,1104,0
1104,1105,0
1105,1106,0
1106,1107,0
1107,1108,0
1108,1109,0
1109,1110,0
1110,1111,0
1111,1112,0
1112,1113,0
1113,1114,0
1114,1115,1
1115,1116,1
1116,1117,0
1117,1118,0
1118,1119,0
1119,1120,1
1120,1121,0
1121,1122,0
1122,1123,0
1123,1124,1
1124,1125,1
1125,1126,0
1126,1127,1
1127,1128,0
1128,1129,1
1129,1130,0
1130,1131,0
1131,1132,1
1132,1133,0
1133,1134,0
1134,1135,0
1135,1136,0
1136,1137,0
1137,1138,0
1138,1139,0
1139,1140,0
1140,1141,0
1141,1142,0
1142,1143,0
1143,1144,0
1144,1145,0
1145,1146,0
1146,1147,1
1147,1148,0
1148,1149,0
1149,1150,0
1150,1151,0
1151,1152,0
1152,1153,0
1153,1154,0
1154,1155,1
1155,1156,0
1156,1157,0
1157,1158,0
1158,1159,0
1159,1160,0
1160,1161,0
1161,1162,0
1162,1163,0
1163,1164,0
1164,1165,0
1165,1166,0
1166,1167,0
1167,1168,0
1168,1169,0
1169,1170,0
1170,1171,1
1171,1172,0
1172,1173,0
1173,1174,0
1174,1175,1
1175,1176,0
1176,1177,0
1177,1178,0
1178,1179,0
1179,1180,0
1180,1181,1
1181,1182,0
1182,1183,0
1183,1184,0
1184,1185,0
1185,1186,0
1186,1187,0
1187,1188,0
1188,1189,0
1189,1190,0
1190,1191,0
1191,1192,0
1192,1193,0
1193,1194,0
1194,1195,0
1195,1196,0
1196,1197,0
1197,1198,0
1198,1199,0
1199,1200,0
1200,1201,0
1201,1202,0
1202,1203,0
1203,1204,0
1204,1205,0
1205,1206,0
1206,1207,0
1207,1208,0
1208,1209,0
1209,1210,1
1210,1211,1
1211,1212,0
1212,1213,0
1213,1214,0
1214,1215,0
1215,1216,0
1216,1217,0
1217,1218,0
1218,1219,0
1219,1220,0
1220,1221,0
1221,1222,0
1222,1223,0
1223,1224,0
1224,1225,1
1225,1226,0
1226,1227,0
1227,1228,0
1228,1229,1
1229,1230,0
1230,1231,0
1231,1232,0
1232,1233,0
1233,1234,1
1234,1235,0
1235,1236,0
1236,1237,0
1237,1238,0
1238,1239,0
1239,1240,1
1240,1241,0
1241,1242,0
1242,1243,0
1243,1244,0
1244,1245,0
1245,1246,0
1246,1247,0
1247,1248,1
1248,1249,1
1249,1250,0
1250,1251,0
1251,1252,0
1252,1253,0
1253,1254,0
1254,1255,0
1255,1256,0
1256,1257,0
1257,1258,0
1258,1259,0
1259,1260,0
1260,1261,0
1261,1262,0
1262,1263,0
1263,1264,0
1264,1265,0
1265,1266,0
1266,1267,0
1267,1268,0
1268,1269,0
1269,1270,0
1270,1271,0
1271,1272,0
1272,1273,0
1273,1274,1
1274,1275,0
1275,1276,0
1276,1277,0
1277,1278,0
1278,1279,1
1279,1280,0
1280,1281,0
1281,1282,0
1282,1283,0
1283,1284,0
1284,1285,0
1285,1286,0
1286,1287,1
1287,1288,0
1288,1289,1
1289,1290,0
1290,1291,0
1291,1292,0
1292,1293,0
1293,1294,0
1294,1295,0
1295,1296,0
1296,1297,0
1297,1298,0
1298,1299,1
1299,1300,1
1300,1301,0
1301,1302,0
1302,1303,0
1303,1304,0
1304,1305,0
1305,1306,1
1306,1307,0
1307,1308,0
1308,1309,0
1309,1310,0
1310,1311,0
1311,1312,0
1312,1313,0
1313,1314,1
1314,1315,0
1315,1316,0
1316,1317,0
1317,1318,0
1318,1319,0
1319,1320,0
1320,1321,0
1321,1322,0
1322,1323,0
1323,1324,0
1324,1325,0
1325,1326,0
1326,1327,0
1327,1328,0
1328,1329,1
1329,1330,0
1330,1331,0
1331,1332,0
1332,1333,0
1333,1334,0
1334,1335,0
1335,1336,1
1336,1337,0
1337,1338,0
1338,1339,1
1339,1340,0
1340,1341,0
1341,1342,1
1342,1343,0
1343,1344,0
1344,1345,0
1345,1346,0
1346,1347,0
1347,1348,0
1348,1349,0
1349,1350,0
1350,1351,0
1351,1352,0
1352,1353,1
1353,1354,0
1354,1355,0
1355,1356,0
1356,1357,1
1357,1358,0
1358,1359,0
1359,1360,1
1360,1361,0
1361,1362,0
1362,1363,0
1363,1364,0
1364,1365,0
1365,1366,0
1366,1367,1
1367,1368,0
1368,1369,0
1369,1370,0
1370,1371,0
1371,1372,0
1372,1373,0
1373,1374,1
1374,1375,0
1375,1376,0
1376,1377,0
1377,1378,1
1378,1379,0
1379,1380,0
1380,1381,0
1381,1382,0
1382,1383,0
1383,1384,0
1384,1385,0
1385,1386,1
1386,1387,1
1387,1388,0
1388,1389,0
1389,1390,0
1390,1391,1
1391,1392,0
1392,1393,0
1393,1394,0
1394,1395,1
1395,1396,0
1396,1397,0
1397,1398,0
1398,1399,1
1399,1400,0
1400,1401,1
1401,1402,0
1402,1403,1
1403,1404,0
1404,1405,0
1405,1406,0
1406,1407,0
1407,1408,0
1408,1409,0
1409,1410,0
1410,1411,0
1411,1412,0
1412,1413,0
1413,1414,1
1414,1415,1
1415,1416,0
1416,1417,0
1417,1418,0
1418,1419,0
1419,1420,0
1420,1421,0
1421,1422,0
1422,1423,0
1423,1424,0
1424,1425,0
1425,1426,0
1426,1427,0
1427,1428,0
1428,1429,0
1429,1430,0
1430,1431,0
1431,1432,0
1432,1433,1
1433,1434,0
1434,1435,0
1435,1436,0
1436,1437,0
1437,1438,0
1438,1439,1
1439,1440,0
1440,1441,0
1441,1442,0
1442,1443,1
1443,1444,0
1444,1445,1
1445,1446,0
1446,1447,0
1447,1448,0
1448,1449,1
1449,1450,0
1450,1451,0
1451,1452,1
1452,1453,0
1453,1454,0
1454,1455,1
1455,1456,0
1456,1457,1
1457,1458,0
1458,1459,0
1459,1460,0
1460,1461,1
1461,1462,0
1462,1463,1
1463,1464,0
1464,1465,0
1465,1466,0
1466,1467,0
1467,1468,0
1468,1469,0
1469,1470,0
1470,1471,0
1471,1472,0
1472,1473,1
1473,1474,0
1474,1475,1
1475,1476,0
1476,1477,0
1477,1478,0
1478,1479,0
1479,1480,0
1480,1481,0
1481,1482,0
1482,1483,0
1483,1484,0
1484,1485,0
1485,1486,0
1486,1487,0
1487,1488,0
1488,1489,0
1489,1490,0
1490,1491,1
1491,1492,0
1492,1493,1
1493,1494,0
1494,1495,0
1495,1496,0
1496,1497,1
1497,1498,0
1498,1499,0
1499,1500,0
1500,1501,0
1501,1502,0
1502,1503,1
1503,1504,0
1504,1505,0
1505,1506,1
1506,1507,0
1507,1508,0
1508,1509,0
1509,1510,0
1510,1511,0
1511,1512,0
1512,1513,0
1513,1514,0
1514,1515,1
1515,1516,1
1516,1517,0
1517,1518,0
1518,1519,0
1519,1520,0
1520,1521,1
1521,1522,0
1522,1523,1
1523,1524,0
1524,1525,0
1525,1526,1
1526,1527,0
1527,1528,0
1528,1529,0
1529,1530,0
1530,1531,0
1531,1532,0
1532,1533,0
1533,1534,1
1534,1535,0
1535,1536,0
1536,1537,0
1537,1538,0
1538,1539,0
1539,1540,0
1540,1541,0
1541,1542,0
1542,1543,0
1543,1544,0
1544,1545,1
1545,1546,0
1546,1547,1
1547,1548,0
1548,1549,0
1549,1550,0
1550,1551,0
1551,1552,0
1552,1553,0
1553,1554,0
1554,1555,1
1555,1556,0
1556,1557,1
1557,1558,0
1558,1559,0
1559,1560,0
1560,1561,0
1561,1562,0
1562,1563,0
1563,1564,0
1564,1565,0
1565,1566,0
1566,1567,1
1567,1568,1
1568,1569,0
1569,1570,0
1570,1571,0
1571,1572,0
1572,1573,0
1573,1574,1
1574,1575,0
1575,1576,0
1576,1577,1
1577,1578,0
1578,1579,0
1579,1580,1
1580,1581,0
1581,1582,0
1582,1583,0
1583,1584,0
1584,1585,0
1585,1586,1
1586,1587,1
1587,1588,0
1588,1589,0
1589,1590,0
1590,1591,0
1591,1592,0
1592,1593,0
1593,1594,1
1594,1595,0
1595,1596,0
1596,1597,0
1597,1598,0
1598,1599,1
1599,1600,1
1600,1601,0
1601,1602,0
1602,1603,1
1603,1604,1
1604,1605,0
1605,1606,1
1606,1607,0
1607,1608,1
1608,1609,0
1609,1610,1
1610,1611,0
1611,1612,0
1612,1613,0
1613,1614,0
1614,1615,1
1615,1616,0
1616,1617,0
1617,1618,0
1618,1619,0
1619,1620,1
1620,1621,0
1621,1622,0
1622,1623,0
1623,1624,0
1624,1625,0
1625,1626,0
1626,1627,0
1627,1628,0
1628,1629,0
1629,1630,0
1630,1631,0
1631,1632,0
1632,1633,1
1633,1634,0
1634,1635,0
1635,1636,0
1636,1637,0
1637,1638,1
1638,1639,0
1639,1640,0
1640,1641,0
1641,1642,0
1642,1643,0
1643,1644,0
1644,1645,0
1645,1646,0
1646,1647,1
1647,1648,0
1648,1649,0
1649,1650,0
1650,1651,0
1651,1652,0
1652,1653,0
1653,1654,1
1654,1655,0
1655,1656,1
1656,1657,0
1657,1658,0
1658,1659,0
1659,1660,0
1660,1661,0
1661,1662,0
1662,1663,0
1663,1664,1
1664,1665,0
1665,1666,0
1666,1667,0
1667,1668,0
1668,1669,0
1669,1670,0
1670,1671,1
1671,1672,0
1672,1673,0
1673,1674,0
1674,1675,1
1675,1676,0
1676,1677,0
1677,1678,1
1678,1679,0
1679,1680,1
1680,1681,0
1681,1682,0
1682,1683,0
1683,1684,0
1684,1685,0
1685,1686,0
1686,1687,0
1687,1688,0
1688,1689,0
1689,1690,0
1690,1691,0
1691,1692,0
1692,1693,0
1693,1694,0
1694,1695,0
1695,1696,0
1696,1697,1
1697,1698,1
1698,1699,0
1699,1700,0
1700,1701,0
1701,1702,0
1702,1703,1
1703,1704,0
1704,1705,0
1705,1706,0
1706,1707,0
1707,1708,0
1708,1709,0
1709,1710,1
1710,1711,0
1711,1712,0
1712,1713,1
1713,1714,0
1714,1715,0
1715,1716,0
1716,1717,0
1717,1718,0
1718,1719,0
1719,1720,0
1720,1721,0
1721,1722,0
1722,1723,0
1723,1724,0
1724,1725,0
1725,1726,0
1726,1727,0
1727,1728,0
1728,1729,0
1729,1730,0
1730,1731,0
1731,1732,0
1732,1733,0
1733,1734,0
1734,1735,0
1735,1736,0
1736,1737,0
1737,1738,1
1738,1739,0
1739,1740,0
1740,1741,0
1741,1742,0
1742,1743,0
1743,1744,0
1744,1745,0
1745,1746,0
1746,1747,0
1747,1748,0
1748,1749,0
1749,1750,0
1750,1751,0
1751,1752,0
1752,1753,0
1753,1754,0
1754,1755,1
1755,1756,0
1756,1757,0
1757,1758,0
1758,1759,0
1759,1760,0
1760,1761,0
1761,1762,0
1762,1763,0
1763,1764,1
1764,1765,0
1765,1766,1
1766,1767,0
1767,1768,0
1768,1769,1
1769,1770,0
1770,1771,1
1771,1772,0
1772,1773,1
1773,1774,0
1774,1775,0
1775,1776,0
1776,1777,1
1777,1778,0
1778,1779,0
1779,1780,0
1780,1781,0
1781,1782,0
1782,1783,0
1783,1784,0
1784,1785,0
1785,1786,0
1786,1787,1
1787,1788,0
1788,1789,0
1789,1790,0
1790,1791,1
1791,1792,1
1792,1793,0
1793,1794,0
1794,1795,1
1795,1796,0
1796,1797,0
1797,1798,0
1798,1799,0
1799,1800,1
1800,1801,0
1801,1802,0
1802,1803,0
1803,1804,1
1804,1805,0
1805,1806,0
1806,1807,0
1807,1808,0
1808,1809,0
1809,1810,0
1810,1811,0
1811,1812,1
1812,1813,0
1813,1814,1
1814,1815,0
1815,1816,0
1816,1817,0
1817,1818,0
1818,1819,1
1819,1820,0
1820,1821,0
1821,1822,0
1822,1823,0
1823,1824,0
1824,1825,1
1825,1826,0
1826,1827,0
1827,1828,0
1828,1829,1
1829,1830,0
1830,1831,1
1831,1832,0
1832,1833,0
1833,1834,1
1834,1835,0
1835,1836,0
1836,1837,0
1837,1838,0
1838,1839,0
1839,1840,0
1840,1841,0
1841,1842,0
1842,1843,0
1843,1844,0
1844,1845,0
1845,1846,0
1846,1847,0
1847,1848,0
1848,1849,1
1849,1850,1
1850,1851,0
1851,1852,0
1852,1853,0
1853,1854,0
1854,1855,0
1855,1856,0
1856,1857,0
1857,1858,0
1858,1859,1
1859,1860,0
1860,1861,0
1861,1862,0
1862,1863,0
1863,1864,1
1864,1865,1
1865,1866,0
1866,1867,0
1867,1868,0
1868,1869,1
1869,1870,0
1870,1871,1
1871,1872,0
1872,1873,0
1873,1874,0
1874,1875,0
1875,1876,0
1876,1877,0
1877,1878,0
1878,1879,0
1879,1880,0
1880,1881,0
1881,1882,0
1882,1883,0
1883,1884,0
1884,1885,0
1885,1886,0
1886,1887,0
1887,1888,1
1888,1889,0
1889,1890,0
1890,1891,0
1891,1892,0
1892,1893,1
1893,1894,1
1894,1895,0
1895,1896,0
1896,1897,0
1897,1898,0
1898,1899,0
1899,1900,0
1900,1901,0
1901,1902,0
1902,1903,0
1903,1904,0
1904,1905,0
1905,1906,0
1906,1907,0
1907,1908,0
1908,1909,0
1909,1910,1
1910,1911,0
1911,1912,0
1912,1913,0
1913,1914,0
1914,1915,0
1915,1916,1
1916,1917,0
1917,1918,1
1918,1919,1
1919,1920,0
1920,1921,1
1921,1922,0
1922,1923,0
1923,1924,0
1924,1925,0
1925,1926,1
1926,1927,0
1927,1928,1
1928,1929,0
1929,1930,0
1930,1931,0
1931,1932,0
1932,1933,0
1933,1934,0
1934,1935,0
1935,1936,0
1936,1937,0
1937,1938,0
1938,1939,1
1939,1940,0
1940,1941,0
1941,1942,0
1942,1943,1
1943,1944,1
1944,1945,0
1945,1946,0
1946,1947,0
1947,1948,0
1948,1949,0
1949,1950,0
1950,1951,0
1951,1952,0
1952,1953,0
1953,1954,0
1954,1955,1
1955,1956,0
1956,1957,0
1957,1958,0
1958,1959,1
1959,1960,0
1960,1961,0
1961,1962,0
1962,1963,0
1963,1964,1
1964,1965,0
1965,1966,0
1966,1967,0
1967,1968,1
1968,1969,0
1969,1970,0
1970,1971,0
1971,1972,0
1972,1973,0
1973,1974,0
1974,1975,0
1975,1976,0
1976,1977,0
1977,1978,0
1978,1979,0
1979,1980,0
1980,1981,0
1981,1982,0
1982,1983,1
1983,1984,1
1984,1985,0
1985,1986,0
1986,1987,0
1987,1988,0
1988,1989,0
1989,1990,0
1990,1991,0
1991,1992,0
1992,1993,0
1993,1994,0
1994,1995,0
1995,1996,1
1996,1997,0
1997,1998,1
1998,1999,0
1999,2000,0
2000,2001,0
2001,2002,0
2002,2003,0
2003,2004,0
2004,2005,0
2005,2006,0
2006,2007,0
2007,2008,0
2008,2009,0
2009,2010,0
2010,2011,0
2011,2012,1
2012,2013,0
2013,2014,1
2014,2015,0
2015,2016,0
2016,2017,1
2017,2018,1
2018,2019,0
2019,2020,0
2020,2021,0
2021,2022,0
2022,2023,0
2023,2024,0
2024,2025,0
2025,2026,1
2026,2027,0
2027,2028,0
2028,2029,0
2029,2030,0
2030,2031,0
2031,2032,1
2032,2033,0
2033,2034,1
2034,2035,0
2035,2036,1
2036,2037,0
2037,2038,1
2038,2039,0
2039,2040,0
2040,2041,0
2041,2042,0
2042,2043,0
2043,2044,0
2044,2045,0
2045,2046,0
2046,2047,1
2047,2048,0
2048,2049,0
2049,2050,0
2050,2051,0
2051,2052,0
2052,2053,0
2053,2054,1
2054,2055,0
2055,2056,0
2056,2057,0
2057,2058,0
2058,2059,1
2059,2060,1
2060,2061,0
2061,2062,1
2062,2063,0
2063,2064,1
2064,2065,1
2065,2066,1
2066,2067,0
2067,2068,0
2068,2069,0
2069,2070,0
2070,2071,0
2071,2072,1
2072,2073,0
2073,2074,0
2074,2075,0
2075,2076,1
2076,2077,0
2077,2078,0
2078,2079,0
2079,2080,0
2080,2081,0
2081,2082,0
2082,2083,0
2083,2084,1
2084,2085,0
2085,2086,0
2086,2087,0
2087,2088,0
2088,2089,0
2089,2090,0
2090,2091,0
2091,2092,1
2092,2093,0
2093,2094,1
2094,2095,0
2095,2096,0
2096,2097,0
2097,2098,0
2098,2099,0
2099,2100,0
2100,2101,0
2101,2102,0
2102,2103,0
2103,2104,0
2104,2105,0
2105,2106,0
2106,2107,0
2107,2108,0
2108,2109,0
2109,2110,1
2110,2111,1
2111,2112,0
2112,2113,0
2113,2114,0
2114,2115,1
2115,2116,1
2116,2117,0
2117,2118,0
2118,2119,0
2119,2120,0
2120,2121,0
2121,2122,0
2122,2123,0
2123,2124,0
2124,2125,0
2125,2126,0
2126,2127,0
2127,2128,0
2128,2129,0
2129,2130,0
2130,2131,0
2131,2132,0
2132,2133,1
2133,2134,1
2134,2135,0
2135,2136,0
2136,2137,0
2137,2138,1
2138,2139,0
2139,2140,0
2140,2141,0
2141,2142,0
2142,2143,0
2143,2144,0
2144,2145,0
2145,2146,0
2146,2147,0
2147,2148,0
2148,2149,0
2149,2150,1
2150,2151,0
2151,2152,0
2152,2153,1
2153,2154,1
2154,2155,0
2155,2156,0
2156,2157,0
2157,2158,0
2158,2159,1
2159,2160,0
2160,2161,0
2161,2162,1
2162,2163,0
2163,2164,0
2164,2165,0
2165,2166,1
2166,2167,0
2167,2168,1
2168,2169,1
2169,2170,1
2170,2171,1
2171,2172,1
2172,2173,0
2173,2174,1
2174,2175,0
2175,2176,0
2176,2177,1
2177,2178,0
2178,2179,1
2179,2180,0
2180,2181,0
2181,2182,1
2182,2183,1
2183,2184,0
2184,2185,0
2185,2186,0
2186,2187,0
2187,2188,1
2188,2189,0
2189,2190,0
2190,2191,1
2191,2192,1
2192,2193,0
2193,2194,1
2194,2195,1
2195,2196,0
2196,2197,0
2197,2198,0
2198,2199,0
2199,2200,1
2200,2201,0
2201,2202,0
2202,2203,0
2203,2204,0
2204,2205,0
2205,2206,0
2206,2207,0
2207,2208,0
2208,2209,0
2209,2210,0
2210,2211,0
2211,2212,1
2212,2213,0
2213,2214,0
2214,2215,0
2215,2216,0
2216,2217,0
2217,2218,0
2218,2219,0
2219,2220,0
2220,2221,0
2221,2222,0
2222,2223,1
2223,2224,0
2224,2225,0
2225,2226,1
2226,2227,0
2227,2228,1
2228,2229,0
2229,2230,1
2230,2231,0
2231,2232,0
2232,2233,0
2233,2234,0
2234,2235,0
2235,2236,0
2236,2237,0
2237,2238,0
2238,2239,0
2239,2240,0
2240,2241,0
2241,2242,0
2242,2243,0
2243,2244,0
2244,2245,0
2245,2246,0
2246,2247,0
2247,2248,0
2248,2249,0
2249,2250,0
2250,2251,0
2251,2252,0
2252,2253,0
2253,2254,0
2254,2255,0
2255,2256,1
2256,2257,0
2257,2258,0
2258,2259,0
2259,2260,1
2260,2261,1
2261,2262,1
2262,2263,0
2263,2264,1
2264,2265,0
2265,2266,0
2266,2267,0
2267,2268,0
2268,2269,0
2269,2270,0
2270,2271,0
2271,2272,1
2272,2273,0
2273,2274,0
2274,2275,0
2275,2276,1
2276,2277,0
2277,2278,0
2278,2279,0
2279,2280,0
2280,2281,0
2281,2282,1
2282,2283,0
2283,2284,0
2284,2285,0
2285,2286,0
2286,2287,0
2287,2288,0
2288,2289,0
2289,2290,1
2290,2291,0
2291,2292,0
2292,2293,0
2293,2294,0
2294,2295,0
2295,2296,0
2296,2297,0
2297,2298,0
2298,2299,0
2299,2300,0
2300,2301,0
2301,2302,0
2302,2303,0
2303,2304,0
2304,2305,0
2305,2306,1
2306,2307,0
2307,2308,1
2308,2309,0
2309,2310,0
2310,2311,0
2311,2312,0
2312,2313,1
2313,2314,0
2314,2315,1
2315,2316,0
2316,2317,0
2317,2318,0
2318,2319,0
2319,2320,0
2320,2321,0
2321,2322,0
2322,2323,0
2323,2324,0
2324,2325,1
2325,2326,1
2326,2327,0
2327,2328,1
2328,2329,0
2329,2330,0
2330,2331,0
2331,2332,0
2332,2333,0
2333,2334,1
2334,2335,0
2335,2336,0
2336,2337,0
2337,2338,0
2338,2339,0
2339,2340,0
2340,2341,0
2341,2342,0
2342,2343,1
2343,2344,0
2344,2345,0
2345,2346,0
2346,2347,0
2347,2348,0
2348,2349,0
2349,2350,0
2350,2351,0
2351,2352,0
2352,2353,0
2353,2354,0
2354,2355,0
2355,2356,1
2356,2357,0
2357,2358,0
2358,2359,0
2359,2360,1
2360,2361,0
2361,2362,0
2362,2363,0
2363,2364,0
2364,2365,1
2365,2366,1
2366,2367,0
2367,2368,0
2368,2369,0
2369,2370,0
2370,2371,0
2371,2372,0
2372,2373,0
2373,2374,0
2374,2375,0
2375,2376,1
2376,2377,0
2377,2378,0
2378,2379,0
2379,2380,1
2380,2381,0
2381,2382,0
2382,2383,0
2383,2384,0
2384,2385,0
2385,2386,0
2386,2387,0
2387,2388,0
2388,2389,0
2389,2390,1
2390,2391,0
2391,2392,0
2392,2393,0
2393,2394,0
2394,2395,1
2395,2396,0
2396,2397,0
2397,2398,0
2398,2399,0
2399,2400,0
2400,2401,0
2401,2402,0
2402,2403,0
2403,2404,0
2404,2405,0
2405,2406,0
2406,2407,0
2407,2408,1
2408,2409,0
2409,2410,0
2410,2411,0
2411,2412,1
2412,2413,0
2413,2414,0
2414,2415,0
2415,2416,0
2416,2417,1
2417,2418,0
2418,2419,0
2419,2420,0
2420,2421,0
2421,2422,0
2422,2423,0
2423,2424,0
2424,2425,1
2425,2426,1
2426,2427,0
2427,2428,0
2428,2429,0
2429,2430,0
2430,2431,0
2431,2432,0
2432,2433,0
2433,2434,1
2434,2435,1
2435,2436,1
2436,2437,0
2437,2438,0
2438,2439,0
2439,2440,0
2440,2441,0
2441,2442,0
2442,2443,0
2443,2444,1
2444,2445,0
2445,2446,0
2446,2447,0
2447,2448,0
2448,2449,1
2449,2450,0
2450,2451,0
2451,2452,0
2452,2453,0
2453,2454,1
2454,2455,0
2455,2456,0
2456,2457,0
2457,2458,0
2458,2459,0
2459,2460,0
2460,2461,0
2461,2462,0
2462,2463,0
2463,2464,0
2464,2465,1
2465,2466,0
2466,2467,0
2467,2468,0
2468,2469,0
2469,2470,0
2470,2471,0
2471,2472,0
2472,2473,1
2473,2474,0
2474,2475,1
2475,2476,0
2476,2477,0
2477,2478,0
2478,2479,0
2479,2480,0
2480,2481,0
2481,2482,0
2482,2483,0
2483,2484,0
2484,2485,1
2485,2486,0
2486,2487,1
2487,2488,0
2488,2489,1
2489,2490,0
2490,2491,0
2491,2492,1
2492,2493,0
2493,2494,0
2494,2495,1
2495,2496,0
2496,2497,0
2497,2498,1
2498,2499,0
2499,2500,0
2500,2501,1
2501,2502,0
2502,2503,0
2503,2504,0
2504,2505,0
2505,2506,0
2506,2507,0
2507,2508,0
2508,2509,0
2509,2510,0
2510,2511,0
2511,2512,1
2512,2513,1
2513,2514,0
2514,2515,0
2515,2516,0
2516,2517,0
2517,2518,0
2518,2519,0
2519,2520,0
2520,2521,0
2521,2522,0
2522,2523,0
2523,2524,0
2524,2525,0
2525,2526,1
2526,2527,0
2527,2528,0
2528,2529,0
2529,2530,0
2530,2531,1
2531,2532,0
2532,2533,0
2533,2534,0
2534,2535,0
2535,2536,1
2536,2537,0
2537,2538,1
2538,2539,0
2539,2540,0
2540,2541,0
2541,2542,1
2542,2543,0
2543,2544,0
2544,2545,0
2545,2546,0
2546,2547,0
2547,2548,0
2548,2549,1
2549,2550,0
2550,2551,0
2551,2552,0
2552,2553,0
2553,2554,1
2554,2555,0
2555,2556,0
2556,2557,0
2557,2558,1
2558,2559,0
2559,2560,0
2560,2561,1
2561,2562,1
2562,2563,0
2563,2564,1
2564,2565,0
2565,2566,0
2566,2567,1
2567,2568,0
2568,2569,0
2569,2570,0
2570,2571,1
2571,2572,1
2572,2573,0
2573,2574,0
2574,2575,0
2575,2576,0
2576,2577,0
2577,2578,0
2578,2579,0
2579,2580,0
2580,2581,0
2581,2582,0
2582,2583,0
2583,2584,0
2584,2585,0
2585,2586,0
2586,2587,0
2587,2588,0
2588,2589,0
2589,2590,0
2590,2591,0
2591,2592,0
2592,2593,0
2593,2594,1
2594,2595,0
2595,2596,0
2596,2597,0
2597,2598,0
2598,2599,0
2599,2600,0
2600,2601,0
2601,2602,0
2602,2603,0
2603,2604,0
2604,2605,0
2605,2606,0
2606,2607,1
2607,2608,0
2608,2609,0
2609,2610,0
2610,2611,0
2611,2612,0
2612,2613,1
2613,2614,0
2614,2615,0
2615,2616,0
2616,2617,0
2617,2618,0
2618,2619,0
2619,2620,1
2620,2621,0
2621,2622,0
2622,2623,0
2623,2624,0
2624,2625,0
2625,2626,0
2626,2627,0
2627,2628,0
2628,2629,0
2629,2630,0
2630,2631,0
2631,2632,0
2632,2633,1
2633,2634,0
2634,2635,1
2635,2636,0
2636,2637,1
2637,2638,1
2638,2639,0
2639,2640,0
2640,2641,0
2641,2642,0
2642,2643,0
2643,2644,0
2644,2645,0
2645,2646,0
2646,2647,0
2647,2648,0
2648,2649,0
2649,2650,0
2650,2651,0
2651,2652,1
2652,2653,1
2653,2654,0
2654,2655,0
2655,2656,0
2656,2657,0
2657,2658,0
2658,2659,0
2659,2660,0
2660,2661,0
2661,2662,0
2662,2663,0
2663,2664,0
2664,2665,0
2665,2666,1
2666,2667,0
2667,2668,0
2668,2669,0
2669,2670,0
2670,2671,1
2671,2672,0
2672,2673,0
2673,2674,0
2674,2675,0
2675,2676,0
2676,2677,1
2677,2678,0
2678,2679,0
2679,2680,0
2680,2681,0
2681,2682,0
2682,2683,0
2683,2684,1
2684,2685,0
2685,2686,0
2686,2687,0
2687,2688,1
2688,2689,0
2689,2690,0
2690,2691,1
2691,2692,0
2692,2693,0
2693,2694,0
2694,2695,0
2695,2696,0
2696,2697,0
2697,2698,0
2698,2699,1
2699,2700,1
2700,2701,0
2701,2702,0
2702,2703,0
2703,2704,0
2704,2705,0
2705,2706,0
2706,2707,0
2707,2708,0
2708,2709,0
2709,2710,1
2710,2711,1
2711,2712,0
2712,2713,0
2713,2714,1
2714,2715,0
2715,2716,0
2716,2717,0
2717,2718,0
2718,2719,0
2719,2720,0
2720,2721,0
2721,2722,1
2722,2723,0
2723,2724,0
2724,2725,1
2725,2726,0
2726,2727,0
2727,2728,0
2728,2729,0
2729,2730,0
2730,2731,1
2731,2732,0
2732,2733,0
2733,2734,0
2734,2735,0
2735,2736,0
2736,2737,0
2737,2738,0
2738,2739,0
2739,2740,0
2740,2741,0
2741,2742,0
2742,2743,1
2743,2744,0
2744,2745,0
2745,2746,0
2746,2747,0
2747,2748,0
2748,2749,0
2749,2750,0
2750,2751,0
2751,2752,0
2752,2753,0
2753,2754,0
2754,2755,1
2755,2756,0
2756,2757,0
2757,2758,1
2758,2759,0
2759,2760,0
2760,2761,0
2761,2762,0
2762,2763,0
2763,2764,0
2764,2765,0
2765,2766,1
2766,2767,1
2767,2768,1
2768,2769,0
2769,2770,1
2770,2771,0
2771,2772,0
2772,2773,0
2773,2774,0
2774,2775,1
2775,2776,0
2776,2777,0
2777,2778,1
2778,2779,0
2779,2780,0
2780,2781,0
2781,2782,0
2782,2783,1
2783,2784,0
2784,2785,0
2785,2786,1
2786,2787,0
2787,2788,1
2788,2789,0
2789,2790,0
2790,2791,0
2791,2792,0
2792,2793,0
2793,2794,0
2794,2795,1
2795,2796,1
2796,2797,0
2797,2798,0
2798,2799,1
2799,2800,1
2800,2801,1
2801,2802,0
2802,2803,0
2803,2804,1
2804,2805,0
2805,2806,0
2806,2807,0
2807,2808,0
2808,2809,0
2809,2810,1
2810,2811,0
2811,2812,0
2812,2813,0
2813,2814,0
2814,2815,0
2815,2816,1
2816,2817,0
2817,2818,0
2818,2819,1
2819,2820,0
2820,2821,0
2821,2822,1
2822,2823,0
2823,2824,1
2824,2825,0
2825,2826,0
2826,2827,1
2827,2828,0
2828,2829,0
2829,2830,0
2830,2831,0
2831,2832,1
2832,2833,0
2833,2834,0
2834,2835,0
2835,2836,0
2836,2837,0
2837,2838,1
2838,2839,0
2839,2840,0
2840,2841,0
2841,2842,1
2842,2843,0
2843,2844,1
2844,2845,0
2845,2846,0
2846,2847,0
2847,2848,0
2848,2849,0
2849,2850,0
2850,2851,0
2851,2852,0
2852,2853,0
2853,2854,0
2854,2855,0
2855,2856,0
2856,2857,0
2857,2858,0
2858,2859,1
2859,2860,0
2860,2861,0
2861,2862,0
2862,2863,0
2863,2864,1
2864,2865,1
2865,2866,1
2866,2867,0
2867,2868,1
2868,2869,1
2869,2870,0
2870,2871,0
2871,2872,0
2872,2873,0
2873,2874,0
2874,2875,0
2875,2876,0
2876,2877,0
2877,2878,0
2878,2879,0
2879,2880,0
2880,2881,0
2881,2882,1
2882,2883,0
2883,2884,0
2884,2885,0
2885,2886,0
2886,2887,0
2887,2888,0
2888,2889,0
2889,2890,1
2890,2891,0
2891,2892,0
2892,2893,0
2893,2894,0
2894,2895,0
2895,2896,0
2896,2897,1
2897,2898,0
2898,2899,1
2899,2900,0
2900,2901,0
2901,2902,0
2902,2903,0
2903,2904,0
2904,2905,0
2905,2906,0
2906,2907,0
2907,2908,0
2908,2909,1
2909,2910,1
2910,2911,0
2911,2912,0
2912,2913,0
2913,2914,0
2914,2915,0
2915,2916,0
2916,2917,0
2917,2918,0
2918,2919,0
2919,2920,0
2920,2921,0
2921,2922,0
2922,2923,0
2923,2924,0
2924,2925,0
2925,2926,0
2926,2927,0
2927,2928,0
2928,2929,0
2929,2930,0
2930,2931,0
2931,2932,0
2932,2933,0
2933,2934,0
2934,2935,0
2935,2936,0
2936,2937,0
2937,2938,0
2938,2939,0
2939,2940,0
2940,2941,0
2941,2942,0
2942,2943,0
2943,2944,0
2944,2945,0
2945,2946,0
2946,2947,0
2947,2948,0
2948,2949,0
2949,2950,0
2950,2951,0
2951,2952,0
2952,2953,0
2953,2954,0
2954,2955,1
2955,2956,1
2956,2957,0
2957,2958,0
2958,2959,0
2959,2960,0
2960,2961,0
2961,2962,0
2962,2963,1
2963,2964,0
2964,2965,0
2965,2966,0
2966,2967,0
2967,2968,0
2968,2969,1
2969,2970,0
2970,2971,0
2971,2972,0
2972,2973,1
2973,2974,0
2974,2975,0
2975,2976,0
2976,2977,1
2977,2978,0
2978,2979,0
2979,2980,0
2980,2981,0
2981,2982,1
2982,2983,0
2983,2984,0
2984,2985,0
2985,2986,0
2986,2987,1
2987,2988,0
2988,2989,0
2989,2990,0
2990,2991,0
2991,2992,0
2992,2993,1
2993,2994,0
2994,2995,0
2995,2996,1
2996,2997,0
2997,2998,0
2998,2999,0
2999,3000,0
3000,3001,0
3001,3002,0
3002,3003,0
3003,3004,1
3004,3005,0
3005,3006,0
3006,3007,0
3007,3008,0
3008,3009,0
3009,3010,0
3010,3011,0
3011,3012,0
3012,3013,0
3013,3014,0
3014,3015,0
3015,3016,0
3016,3017,0
3017,3018,0
3018,3019,0
3019,3020,0
3020,3021,0
3021,3022,0
3022,3023,0
3023,3024,0
3024,3025,0
3025,3026,0
3026,3027,1
3027,3028,0
3028,3029,1
3029,3030,0
3030,3031,0
3031,3032,0
3032,3033,0
3033,3034,0
3034,3035,0
3035,3036,1
3036,3037,0
3037,3038,0
3038,3039,0
3039,3040,1
3040,3041,0
3041,3042,0
3042,3043,0
3043,3044,1
3044,3045,1
3045,3046,0
3046,3047,1
3047,3048,0
3048,3049,0
3049,3050,0
3050,3051,0
3051,3052,0
3052,3053,0
3053,3054,1
3054,3055,0
3055,3056,1
3056,3057,0
3057,3058,0
3058,3059,0
3059,3060,0
3060,3061,0
3061,3062,0
3062,3063,0
3063,3064,0
3064,3065,0
3065,3066,0
3066,3067,0
3067,3068,0
3068,3069,0
3069,3070,0
3070,3071,0
3071,3072,1
3072,3073,0
3073,3074,0
3074,3075,0
3075,3076,0
3076,3077,1
3077,3078,0
3078,3079,0
3079,3080,0
3080,3081,0
3081,3082,0
3082,3083,0
3083,3084,0
3084,3085,0
3085,3086,0
3086,3087,0
3087,3088,0
3088,3089,0
3089,3090,0
3090,3091,0
3091,3092,0
3092,3093,1
3093,3094,0
3094,3095,0
3095,3096,1
3096,3097,0
3097,3098,0
3098,3099,0
3099,3100,0
3100,3101,0
3101,3102,0
3102,3103,0
3103,3104,0
3104,3105,0
3105,3106,0
3106,3107,0
3107,3108,1
3108,3109,0
3109,3110,0
3110,3111,0
3111,3112,0
3112,3113,0
3113,3114,0
3114,3115,0
3115,3116,0
3116,3117,0
3117,3118,0
3118,3119,0
3119,3120,0
3120,3121,0
3121,3122,0
3122,3123,0
3123,3124,0
3124,3125,0
3125,3126,0
3126,3127,0
3127,3128,0
3128,3129,0
3129,3130,0
3130,3131,0
3131,3132,0
3132,3133,0
3133,3134,0
3134,3135,0
3135,3136,0
3136,3137,0
3137,3138,0
3138,3139,0
3139,3140,0
3140,3141,1
3141,3142,1
3142,3143,0
3143,3144,0
3144,3145,1
3145,3146,0
3146,3147,1
3147,3148,1
3148,3149,0
3149,3150,0
3150,3151,0
3151,3152,0
3152,3153,0
3153,3154,0
3154,3155,1
3155,3156,1
3156,3157,0
3157,3158,0
3158,3159,0
3159,3160,0
3160,3161,1
3161,3162,0
3162,3163,1
3163,3164,0
3164,3165,0
3165,3166,0
3166,3167,0
3167,3168,0
3168,3169,0
3169,3170,0
3170,3171,0
3171,3172,0
3172,3173,0
3173,3174,0
3174,3175,0
3175,3176,0
3176,3177,0
3177,3178,0
3178,3179,1
3179,3180,1
3180,3181,0
3181,3182,1
3182,3183,1
3183,3184,0
3184,3185,0
3185,3186,0
3186,3187,0
3187,3188,0
3188,3189,1
3189,3190,0
3190,3191,0
3191,3192,0
3192,3193,1
3193,3194,0
3194,3195,0
3195,3196,0
3196,3197,0
3197,3198,0
3198,3199,0
3199,3200,1
3200,3201,0
3201,3202,0
3202,3203,0
3203,3204,0
3204,3205,0
3205,3206,0
3206,3207,0
3207,3208,0
3208,3209,0
3209,3210,0
3210,3211,0
3211,3212,0
3212,3213,0
3213,3214,0
3214,3215,0
3215,3216,0
3216,3217,0
3217,3218,0
3218,3219,0
3219,3220,0
3220,3221,0
3221,3222,0
3222,3223,0
3223,3224,0
3224,3225,0
3225,3226,0
3226,3227,0
3227,3228,0
3228,3229,0
3229,3230,0
3230,3231,1
3231,3232,0
3232,3233,1
3233,3234,0
3234,3235,0
3235,3236,0
3236,3237,0
3237,3238,0
3238,3239,1
3239,3240,0
3240,3241,0
3241,3242,0
3242,3243,0
3243,3244,1
3244,3245,0
3245,3246,0
3246,3247,0
3247,3248,1
3248,3249,0
3249,3250,1
3250,3251,1
3251,3252,0
3252,3253,0
3253,3254,0
3254,3255,0
3255,3256,0
3256,3257,1
3257,3258,1
3258,3259,1
3259,3260,0
3260,3261,0
3261,3262,0
3262,3263,0
3263,3264,0
3264,3265,0
3265,3266,0
3266,3267,0
3267,3268,0
3268,3269,0
3269,3270,0
3270,3271,1
3271,3272,1
3272,3273,0
3273,3274,0
3274,3275,0
3275,3276,0
3276,3277,1
3277,3278,0
3278,3279,0
3279,3280,0
3280,3281,0
3281,3282,0
3282,3283,0
3283,3284,0
3284,3285,0
3285,3286,0
3286,3287,1
3287,3288,0
3288,3289,0
3289,3290,0
3290,3291,0
3291,3292,1
3292,3293,0
3293,3294,0
3294,3295,0
3295,3296,0
3296,3297,0
3297,3298,0
3298,3299,0
3299,3300,0
3300,3301,0
3301,3302,0
3302,3303,0
3303,3304,0
3304,3305,0
3305,3306,0
3306,3307,0
3307,3308,0
3308,3309,0
3309,3310,0
3310,3311,1
3311,3312,0
3312,3313,0
3313,3314,0
3314,3315,0
3315,3316,1
3316,3317,1
3317,3318,0
3318,3319,0
3319,3320,0
3320,3321,0
3321,3322,0
3322,3323,0
3323,3324,0
3324,3325,1
3325,3326,0
3326,3327,0
3327,3328,0
3328,3329,1
3329,3330,0
3330,3331,0
3331,3332,0
3332,3333,0
3333,3334,1
3334,3335,1
3335,3336,0
3336,3337,0
3337,3338,0
3338,3339,0
3339,3340,0
3340,3341,0
3341,3342,0
3342,3343,1
3343,3344,1
3344,3345,0
3345,3346,1
3346,3347,0
3347,3348,1
3348,3349,0
3349,3350,0
3350,3351,0
3351,3352,0
3352,3353,1
3353,3354,0
3354,3355,0
3355,3356,0
3356,3357,0
3357,3358,0
3358,3359,0
3359,3360,1
3360,3361,0
3361,3362,0
3362,3363,0
3363,3364,0
3364,3365,0
3365,3366,0
3366,3367,0
3367,3368,1
3368,3369,0
3369,3370,0
3370,3371,0
3371,3372,0
3372,3373,0
3373,3374,0
3374,3375,0
3375,3376,0
3376,3377,0
3377,3378,0
3378,3379,0
3379,3380,0
3380,3381,0
3381,3382,0
3382,3383,0
3383,3384,1
3384,3385,0
3385,3386,0
3386,3387,1
3387,3388,0
3388,3389,1
3389,3390,0
3390,3391,1
3391,3392,0
3392,3393,1
3393,3394,0
3394,3395,0
3395,3396,0
3396,3397,0
3397,3398,0
3398,3399,0
3399,3400,0
3400,3401,0
3401,3402,0
3402,3403,0
3403,3404,0
3404,3405,1
3405,3406,0
3406,3407,1
3407,3408,0
3408,3409,1
3409,3410,0
3410,3411,0
3411,3412,0
3412,3413,0
3413,3414,0
3414,3415,0
3415,3416,0
3416,3417,0
3417,3418,0
3418,3419,0
3419,3420,0
3420,3421,0
3421,3422,0
3422,3423,0
3423,3424,0
3424,3425,0
3425,3426,0
3426,3427,1
3427,3428,0
3428,3429,0
3429,3430,1
3430,3431,1
3431,3432,0
3432,3433,0
3433,3434,0
3434,3435,0
3435,3436,0
3436,3437,1
3437,3438,0
3438,3439,1
3439,3440,0
3440,3441,0
3441,3442,0
3442,3443,0
3443,3444,0
3444,3445,0
3445,3446,0
3446,3447,0
3447,3448,0
3448,3449,1
3449,3450,0
3450,3451,0
3451,3452,0
3452,3453,0
3453,3454,0
3454,3455,0
3455,3456,1
3456,3457,1
3457,3458,1
3458,3459,0
3459,3460,0
3460,3461,0
3461,3462,0
3462,3463,0
3463,3464,0
3464,3465,0
3465,3466,0
3466,3467,0
3467,3468,0
3468,3469,0
3469,3470,1
3470,3471,0
3471,3472,0
3472,3473,1
3473,3474,1
3474,3475,0
3475,3476,1
3476,3477,0
3477,3478,0
3478,3479,0
3479,3480,1
3480,3481,0
3481,3482,0
3482,3483,0
3483,3484,0
3484,3485,0
3485,3486,0
3486,3487,0
3487,3488,0
3488,3489,0
3489,3490,1
3490,3491,0
3491,3492,0
3492,3493,0
3493,3494,0
3494,3495,0
3495,3496,0
3496,3497,0
3497,3498,0
3498,3499,0
3499,3500,0
3500,3501,0
3501,3502,0
3502,3503,0
3503,3504,0
3504,3505,0
3505,3506,0
3506,3507,1
3507,3508,0
3508,3509,0
3509,3510,0
3510,3511,0
3511,3512,0
3512,3513,0
3513,3514,0
3514,3515,0
3515,3516,0
3516,3517,1
3517,3518,0
3518,3519,0
3519,3520,0
3520,3521,0
3521,3522,0
3522,3523,0
3523,3524,1
3524,3525,0
3525,3526,0
3526,3527,0
3527,3528,0
3528,3529,0
3529,3530,0
3530,3531,1
3531,3532,1
3532,3533,0
3533,3534,0
3534,3535,0
3535,3536,1
3536,3537,1
3537,3538,0
3538,3539,0
3539,3540,0
3540,3541,0
3541,3542,0
3542,3543,0
3543,3544,0
3544,3545,1
3545,3546,0
3546,3547,0
3547,3548,0
3548,3549,0
3549,3550,0
3550,3551,0
3551,3552,1
3552,3553,0
3553,3554,1
3554,3555,0
3555,3556,0
3556,3557,0
3557,3558,0
3558,3559,0
3559,3560,0
3560,3561,0
3561,3562,0
3562,3563,0
3563,3564,0
3564,3565,1
3565,3566,0
3566,3567,0
3567,3568,0
3568,3569,0
3569,3570,0
3570,3571,0
3571,3572,0
3572,3573,1
3573,3574,0
3574,3575,0
3575,3576,0
3576,3577,0
3577,3578,0
3578,3579,1
3579,3580,0
3580,3581,0
3581,3582,0
3582,3583,0
3583,3584,0
3584,3585,0
3585,3586,1
3586,3587,0
3587,3588,0
3588,3589,0
3589,3590,0
3590,3591,0
3591,3592,0
3592,3593,0
3593,3594,0
3594,3595,0
3595,3596,1
3596,3597,0
3597,3598,0
3598,3599,0
3599,3600,1
3600,3601,0
3601,3602,1
3602,3603,0
3603,3604,0
3604,3605,0
3605,3606,0
3606,3607,1
3607,3608,0
3608,3609,1
3609,3610,0
3610,3611,1
3611,3612,1
3612,3613,0
3613,3614,0
3614,3615,0
3615,3616,1
3616,3617,0
3617,3618,0
3618,3619,0
3619,3620,1
3620,3621,1
3621,3622,0
3622,3623,0
3623,3624,0
3624,3625,0
3625,3626,0
3626,3627,0
3627,3628,1
3628,3629,0
3629,3630,0
3630,3631,0
3631,3632,0
3632,3633,0
3633,3634,1
3634,3635,0
3635,3636,0
3636,3637,0
3637,3638,1
3638,3639,0
3639,3640,0
3640,3641,0
3641,3642,0
3642,3643,0
3643,3644,1
3644,3645,0
3645,3646,0
3646,3647,0
3647,3648,0
3648,3649,0
3649,3650,0
3650,3651,0
3651,3652,0
3652,3653,0
3653,3654,0
3654,3655,0
3655,3656,0
3656,3657,1
3657,3658,1
3658,3659,0
3659,3660,0
3660,3661,0
3661,3662,0
3662,3663,0
3663,3664,0
3664,3665,0
3665,3666,0
3666,3667,0
3667,3668,0
3668,3669,1
3669,3670,0
3670,3671,0
3671,3672,0
3672,3673,0
3673,3674,0
3674,3675,0
3675,3676,1
3676,3677,1
3677,3678,0
3678,3679,0
3679,3680,1
3680,3681,1
3681,3682,0
3682,3683,0
3683,3684,0
3684,3685,0
3685,3686,0
3686,3687,0
3687,3688,1
3688,3689,0
3689,3690,0
3690,3691,0
3691,3692,0
3692,3693,0
3693,3694,0
3694,3695,1
3695,3696,0
3696,3697,0
3697,3698,0
3698,3699,0
3699,3700,0
3700,3701,1
3701,3702,0
3702,3703,0
3703,3704,1
3704,3705,0
3705,3706,1
3706,3707,0
3707,3708,1
3708,3709,0
3709,3710,0
3710,3711,1
3711,3712,0
3712,3713,0
3713,3714,1
3714,3715,0
3715,3716,1
3716,3717,0
3717,3718,1
3718,3719,0
3719,3720,0
3720,3721,1
3721,3722,0
3722,3723,0
3723,3724,0
3724,3725,0
3725,3726,0
3726,3727,0
3727,3728,0
3728,3729,0
3729,3730,0
3730,3731,0
3731,3732,0
3732,3733,0
3733,3734,1
3734,3735,1
3735,3736,0
3736,3737,0
3737,3738,0
3738,3739,0
3739,3740,0
3740,3741,0
3741,3742,1
3742,3743,0
3743,3744,0
3744,3745,1
3745,3746,0
3746,3747,0
3747,3748,0
3748,3749,0
3749,3750,1
3750,3751,0
3751,3752,0
3752,3753,1
3753,3754,1
3754,3755,0
3755,3756,1
3756,3757,0
3757,3758,1
3758,3759,0
3759,3760,0
3760,3761,1
3761,3762,0
3762,3763,0
3763,3764,0
3764,3765,0
3765,3766,0
3766,3767,0
3767,3768,0
3768,3769,0
3769,3770,1
3770,3771,0
3771,3772,0
3772,3773,0
3773,3774,1
3774,3775,0
3775,3776,0
3776,3777,0
3777,3778,0
3778,3779,0
3779,3780,1
3780,3781,0
3781,3782,0
3782,3783,0
3783,3784,0
3784,3785,0
3785,3786,0
3786,3787,1
3787,3788,0
3788,3789,0
3789,3790,0
3790,3791,1
3791,3792,1
3792,3793,0
3793,3794,1
3794,3795,0
3795,3796,1
3796,3797,0
3797,3798,0
3798,3799,0
3799,3800,0
3800,3801,0
3801,3802,0
3802,3803,1
3803,3804,0
3804,3805,0
3805,3806,0
3806,3807,0
3807,3808,1
3808,3809,0
3809,3810,0
3810,3811,0
3811,3812,1
3812,3813,0
3813,3814,0
3814,3815,1
3815,3816,0
3816,3817,0
3817,3818,0
3818,3819,0
3819,3820,0
3820,3821,0
3821,3822,0
3822,3823,0
3823,3824,0
3824,3825,1
3825,3826,0
3826,3827,0
3827,3828,0
3828,3829,0
3829,3830,1
3830,3831,0
3831,3832,0
3832,3833,0
3833,3834,0
3834,3835,0
3835,3836,0
3836,3837,0
3837,3838,1
3838,3839,0
3839,3840,1
3840,3841,1
3841,3842,0
3842,3843,0
3843,3844,0
3844,3845,1
3845,3846,0
3846,3847,0
3847,3848,1
3848,3849,0
3849,3850,0
3850,3851,0
3851,3852,0
3852,3853,1
3853,3854,0
3854,3855,0
3855,3856,0
3856,3857,0
3857,3858,1
3858,3859,0
3859,3860,1
3860,3861,0
3861,3862,0
3862,3863,0
3863,3864,1
3864,3865,1
3865,3866,0
3866,3867,1
3867,3868,0
3868,3869,1
3869,3870,0
3870,3871,0
3871,3872,0
3872,3873,0
3873,3874,0
3874,3875,0
3875,3876,0
3876,3877,0
3877,3878,1
3878,3879,1
3879,3880,0
3880,3881,0
3881,3882,0
3882,3883,0
3883,3884,0
3884,3885,0
3885,3886,0
3886,3887,0
3887,3888,0
3888,3889,0
3889,3890,1
3890,3891,0
3891,3892,0
3892,3893,0
3893,3894,1
3894,3895,0
3895,3896,0
3896,3897,0
3897,3898,0
3898,3899,0
3899,3900,0
3900,3901,0
3901,3902,0
3902,3903,1
3903,3904,0
3904,3905,0
3905,3906,0
3906,3907,0
3907,3908,0
3908,3909,0
3909,3910,0
3910,3911,0
3911,3912,0
3912,3913,1
3913,3914,0
3914,3915,1
3915,3916,0
3916,3917,1
3917,3918,0
3918,3919,0
3919,3920,1
3920,3921,0
3921,3922,0
3922,3923,0
3923,3924,0
3924,3925,0
3925,3926,0
3926,3927,0
3927,3928,0
3928,3929,1
3929,3930,0
3930,3931,0
3931,3932,0
3932,3933,0
3933,3934,0
3934,3935,0
3935,3936,0
3936,3937,0
3937,3938,0
3938,3939,0
3939,3940,0
3940,3941,0
3941,3942,1
3942,3943,0
3943,3944,0
3944,3945,0
3945,3946,0
3946,3947,0
3947,3948,0
3948,3949,0
3949,3950,0
3950,3951,0
3951,3952,0
3952,3953,0
3953,3954,0
3954,3955,0
3955,3956,0
3956,3957,0
3957,3958,0
3958,3959,1
3959,3960,0
3960,3961,0
3961,3962,0
3962,3963,0
3963,3964,0
3964,3965,0
3965,3966,0
3966,3967,0
3967,3968,0
3968,3969,0
3969,3970,0
3970,3971,0
3971,3972,1
3972,3973,0
3973,3974,0
3974,3975,1
3975,3976,0
3976,3977,0
3977,3978,1
3978,3979,0
3979,3980,0
3980,3981,0
3981,3982,0
3982,3983,0
3983,3984,0
3984,3985,1
3985,3986,0
3986,3987,0
3987,3988,0
3988,3989,1
3989,3990,0
3990,3991,0
3991,3992,0
3992,3993,0
3993,3994,0
3994,3995,0
3995,3996,0
3996,3997,0
3997,3998,1
3998,3999,0
3999,4000,0
